Time,Used,Committed,Max
43169.639465,143174072,239075328,239075328
43169.639500,178846656,239075328,239075328
43169.639546,178534808,239075328,239075328
43169.639592,204636200,239075328,239075328
43169.639700,0,0,0
